number,title,url,D,R,why,risk
12,tools/degraded-ocr.mjs re-implements girsa-hebrew normalization in JS,https://github.com/SYKhayyat/girsa/issues/12,2,2,Dev harness JS dup of Rust norm; wrong port skews measurement scores only,Measurement skew
14,Batch the per-sefer linkWords fetches in chainview.ts quote(),https://github.com/SYKhayyat/girsa/issues/14,2,3,N+1 to batched call in one walk; wrong batch breaks chain quotes visibly,Visible quote break
15,Re-check per-extend() line walks in pane.ts (paint/markMefarshim),https://github.com/SYKhayyat/girsa/issues/15,2,2,Confirm hot loop walks; memoize only if profile confirms regression,Perf only
16,Re-ingest Otzaria's library — their mekoros are the source,https://github.com/SYKhayyat/girsa/issues/16,3,4,7k-work re-ingest plus daily cadence; wrong ingest absorbs bad licenses silently,Silent bad licenses
17,Steal from Otzaria: Hebrew morphology search,https://github.com/SYKhayyat/girsa/issues/17,5,3,New Smart-mode expansion rungs and fuzzy mode; wrong rules drown results visibly,Visible drowned results
18,Steal from Otzaria: a plugin system (SDK + store),https://github.com/SYKhayyat/girsa/issues/18,5,5,New manifest plus sandbox plus store; wrong perms allow network/code bypass,Code bypass
19,Steal from Otzaria: embedding-based semantic search as a hybrid lane,https://github.com/SYKhayyat/girsa/issues/19,5,3,Second retrieval lane with persisted vectors; wrong fusion masquerades results,Masqueraded results
20,Steal from Otzaria: corpus-based typo/OCR detection (magiah),https://github.com/SYKhayyat/girsa/issues/20,4,4,Corpus confusion profiles plus context verify; false positives corrupt text silently,Silent text corruption
21,Steal from Otzaria: hash-verified library updates daily cadence offline,https://github.com/SYKhayyat/girsa/issues/21,4,4,Atomic hash-verified delta updater; wrong apply corrupts whole shelf silently,Silent shelf corruption
22,Steal from Otzaria: dictionaries Daf Yomi Yerushalmi measurements,https://github.com/SYKhayyat/girsa/issues/22,4,2,Grab-bag of small additive tools; wrong entries are isolated metadata errors,Isolated metadata
26,Lamdan 4: girsa-mcp is a heavy leaf with no in-tree caller,https://github.com/SYKhayyat/girsa/issues/26,2,3,Gate write tools behind feature; wrong gate breaks agent reads visibly,Visible agent break
27,Lamdan 5: the shell's self-description has diverged,https://github.com/SYKhayyat/girsa/issues/27,3,3,Header fix plus 140-command split by area; wrong split breaks commands visibly,Visible command break
28,Lamdan 6: Rust-TypeScript command boundary hand-twinned by bare strings,https://github.com/SYKhayyat/girsa/issues/28,1,2,One cross-check test for call twins; test-only no runtime change,Test-only
29,Lamdan 7: shelf-step order and 'which seforim relate' contract,https://github.com/SYKhayyat/girsa/issues/29,2,2,Single-source shelf order plus doc links; docs plus one order test,Docs + test
30,Lamdan 8: the document-gate machine is applied to two documents,https://github.com/SYKhayyat/girsa/issues/30,2,2,Extend existing verify machine to more invariants; docs plus manifest rows,Docs + manifest
31,Lamdan 9: the mefarshim/companions list can go silently short,https://github.com/SYKhayyat/girsa/issues/31,2,4,Optional build step yields empty list; missing mefarshim misleads silently,Silent missing list
32,Lamdan 10: the committed audit volumes are a second unshipped documentation,https://github.com/SYKhayyat/girsa/issues/32,1,1,Distill audits to README plus CONTRIBUTING; file move reversible,Reversible
33,Lamdan 11: code-comment citations to spec.md and W-needs are human-readable,https://github.com/SYKhayyat/girsa/issues/33,1,2,One resolving test for section refs; test-only guard against rot,Test-only
34,Lamdan 12: number claims in spec.md's own tables are gated by nothing,https://github.com/SYKhayyat/girsa/issues/34,2,2,Regenerate or floor-test spec counts; docs plus numeric guard,Docs + guard
35,Lamdan 13: girsa-mcp/src/lib.rs claims 'spec.md 12 MCP on both ends',https://github.com/SYKhayyat/girsa/issues/35,1,2,One-sentence citation fix plus resolving assertion; docs only,Docs only
36,Interop A: the prose-tax finding is the same disease in one shared patient,https://github.com/SYKhayyat/girsa/issues/36,4,2,Cross-repo prose convention decision; docs standard no runtime risk,Docs decision
37,Interop B: cite the compiler not the prose (the shared seam),https://github.com/SYKhayyat/girsa/issues/37,3,2,Emit pairings once and cross-check; multi-seam hygiene test-guarded,Test-guarded
38,Interop C: product-identity questions only you can answer,https://github.com/SYKhayyat/girsa/issues/38,4,1,Owner decisions on shell plus split plus MCP; no code reversible,Decisions only
40,100% Rust rewrite: drop the Tauri/TypeScript shell for a native Rust UI,https://github.com/SYKhayyat/girsa/issues/40,5,3,Replace 138-command webview with native UI; wrong port breaks app visibly,Visible app break
43,Steal from AlHaTorah: bind every commentary to an anchor ref,https://github.com/SYKhayyat/girsa/issues/43,5,4,Foundational anchor plus redirect model; wrong anchor misplaces commentary silently,Silent misplace
44,Steal from AlHaTorah: the Gedolah desk — one base text any set of commentaries,https://github.com/SYKhayyat/girsa/issues/44,5,3,Base plus selectable classes plus per-corpus profiles; wrong layout shows visibly,Visible layout error
45,Steal from AlHaTorah: quoted sources inside every commentary are live refs,https://github.com/SYKhayyat/girsa/issues/45,4,4,Anchor versus quoted-ref index plus linkify; wrong ref misdirects reader silently,Silent misdirect
46,Steal from AlHaTorah: a commentators register (identity era corpora),https://github.com/SYKhayyat/girsa/issues/46,3,2,Commentator entities plus timeline; wrong biography is isolated metadata,Isolated metadata
47,Steal from AlHaTorah: parallels relation and compare desk,https://github.com/SYKhayyat/girsa/issues/47,4,4,Ref-pair relation plus compare desk plus detection; false parallel misleads silently,Silent mislead
48,Steal from AlHaTorah: concordance + highlight-all-instances,https://github.com/SYKhayyat/girsa/issues/48,4,3,Whole-corpus word to refs index plus highlighting; wrong index shows visibly,Visible index error
49,Steal from AlHaTorah: a mitzvot registry relating verses to halakhic texts,https://github.com/SYKhayyat/girsa/issues/49,3,4,Verse to mitzvah registry with dual numbering; wrong mapping misleads silently,Silent mislead
50,Steal from AlHaTorah: separate textual-variant manuscript/witness lanes,https://github.com/SYKhayyat/girsa/issues/50,5,4,Variants plus witnesses plus translations as lanes; conflation corrupts text silently,Silent text corruption
51,Search: whole-word matching + category-scoped answers,https://github.com/SYKhayyat/girsa/issues/51,3,3,Index flag plus scope filter plus wire fields; wrong scope hides answers visibly,Visible hidden answers
52,Steal from Otzaria: biographies tool for authors cited,https://github.com/SYKhayyat/girsa/issues/52,2,2,Versioned bio lookup with provenance; wrong bio is bounded metadata,Bounded metadata
53,[Low/perf] MCP read re-reads whole sefer per call no cache,https://github.com/SYKhayyat/girsa/issues/53,2,2,Add MRU Held cache with invalidation; perf only reversible,Perf only
54,[Low/bug] Corrupt session.json silently resets workspace then overwrites,https://github.com/SYKhayyat/girsa/issues/54,1,5,Quarantine bad file and surface trouble code; overwrite destroys tabs forever,Destroys tabs
55,[Medium/bug] Poisoned fetch queue silently skips seforim reports success,https://github.com/SYKhayyat/girsa/issues/55,2,4,Propagate poisoned mutex as error; silent skip reports false success,False success
56,[Low/bug] One bad line disables whole landing index forces full parse,https://github.com/SYKhayyat/girsa/issues/56,1,3,Skip bad lines and count; single corrupt line forces slow full parse visibly,Visible slow parse
57,[Low/bug] Anchor attribute parsing substring-matches,https://github.com/SYKhayyat/girsa/issues/57,1,4,Parse name equals value with quotes; substring match binds wrong anchor silently,Silent wrong bind
58,[Low/bug] Negative caching: missing work poisons caches until restart,https://github.com/SYKhayyat/girsa/issues/58,2,3,Cache positives only; typo sticks as empty until restart visibly,Visible stuck empty
59,[Low/bug] Personal-layer merge silently drops unserializable records,https://github.com/SYKhayyat/girsa/issues/59,2,4,Propagate serialize errors with counts; empty-string fallback loses records silently,Silent record loss
60,[Low/perf] SegmentStore positional access O(n) redirect O(n2)-ish,https://github.com/SYKhayyat/girsa/issues/60,2,2,Positional index plus visited set; pure perf behavior preserving,Perf only
62,[Low/security] Unbounded regex search exposed to agents,https://github.com/SYKhayyat/girsa/issues/62,2,5,Cap pattern plus timeout plus probe limit; unbounded automata enables ReDoS,ReDoS
63,Smart navigation — type what you mean get where you're going,https://github.com/SYKhayyat/girsa/issues/63,4,3,Free-form parser for every sefer scheme; wrong parse navigates visibly wrong,Visible wrong nav
